<?xml version="1.0" encoding="UTF-8"?>
<GenRun Id="synth_1" LaunchPart="xc7a100tcsg324-1" LaunchTime="1521807804">
  <File Type="PA-TCL" Name="wb2axi.tcl"/>
  <File Type="RDS-PROPCONSTRS" Name="wb2axi_drc_synth.rpt"/>
  <File Type="REPORTS-TCL" Name="wb2axi_reports.tcl"/>
  <File Type="RDS-RDS" Name="wb2axi.vds"/>
  <File Type="RDS-UTIL" Name="wb2axi_utilization_synth.rpt"/>
  <File Type="RDS-UTIL-PB" Name="wb2axi_utilization_synth.pb"/>
  <File Type="RDS-DCP" Name="wb2axi.dcp"/>
  <File Type="VDS-TIMINGSUMMARY" Name="wb2axi_timing_summary_synth.rpt"/>
  <File Type="VDS-TIMING-PB" Name="wb2axi_timing_summary_synth.pb"/>
  <FileSet Name="sources" Type="DesignSrcs" RelSrcDir="$PSRCDIR/sources_1">
    <Filter Type="Srcs"/>
    <File Path="$PPRDIR/../../../src/wb2axi.sv">
      <FileInfo>
        <Attr Name="UsedIn" Val="synthesis"/>
        <Attr Name="UsedIn" Val="implementation"/>
        <Attr Name="UsedIn" Val="simulation"/>
      </FileInfo>
    </File>
    <Config>
      <Option Name="DesignMode" Val="RTL"/>
      <Option Name="TopModule" Val="wb2axi"/>
      <Option Name="TopAutoSet" Val="TRUE"/>
    </Config>
  </FileSet>
  <FileSet Name="constrs_in" Type="Constrs" RelSrcDir="$PSRCDIR/constrs_1">
    <Filter Type="Constrs"/>
    <Config>
      <Option Name="ConstrsType" Val="XDC"/>
    </Config>
  </FileSet>
  <Strategy Version="1" Minor="2">
    <StratHandle Name="Vivado Synthesis Defaults" Flow="Vivado Synthesis 2017">
      <Desc>Vivado Synthesis Defaults</Desc>
    </StratHandle>
    <Step Id="synth_design"/>
  </Strategy>
</GenRun>
